id,num,icon,title,category,description,long_desc,technologies,tags,highlights,github_url,demo_url,featured,year,status,image
histera,01,⚔️,Histera,Game Development,"Action video game developed as a team project.","Histera is an action video game developed as a team. A multiplayer FPS with a unique historical weapons premise — from swords to rifles in the same arena.||Contributed to core gameplay systems, networking architecture, and performance optimization throughout development.","Unreal Engine|C++|Blueprint|Networking","Game|Action:pink","Designed and implemented core combat systems|Networking architecture for multiplayer sessions|Performance profiling and optimization passes|Level streaming and scene management",,, false,2023,In progress,
robopacman,02,🤖,RoboPacMan,Game Development,"A reimagining of the classic PacMan arcade game with a robotic theme and renewed mechanics.","RoboPacMan takes the mechanics of the classic 1980 arcade game and reinvents them with a robotic theme. The player controls a robot collector that must dodge autonomous enemy units while completing objectives on each level.||The project explored pathfinding concepts, AI state management, and arcade game loop development in C++.","C++|SDL2|Pathfinding|AI","Arcade|C++:purple","Implemented the complete game loop|Enemy pathfinding system using A*|Collision detection and scoring system|Level progression and difficulty scaling",,, false,2023,Completed,
tanks,03,🎯,Tanks Showdown,Game Development,"Tank combat game with realistic physics and real-time tactical action.","Tanks Showdown is a tank combat game that emphasises projectile physics and realistic vehicle movement. The player competes in closed arenas against AI-controlled opponents with differentiated behaviours.||The project focused on physics simulation, combat AI, and level design for tactical action experiences.","Unity|C#|Networking|Procedural Generation","Shooter|Physics:pink|Tactical:purple","Projectile and explosion physics simulation|AI system with multiple behaviours (attack, flank, retreat)|Vehicle physics engine|Combat arena design and balancing",,, false,2021,Completed,
quack-engine,04,⚙️,Quack Engine,Engine Development,"Custom game engine built from scratch: own renderer, physics and ECS.","Quack Engine is a game engine developed entirely from scratch in C++ and OpenGL. The goal was to deeply understand the systems that power a modern engine: rendering, memory management, entity-component system, and basic physics.||This is the technical project I am most proud of, as it required researching and solving very low-level problems without relying on external frameworks.","C++|OpenGL|GLSL|CMake|ECS","Engine:purple|C++:purple|OpenGL","Configurable rendering pipeline with GLSL shaders|Custom Entity-Component System (ECS)|Basic physics integration with AABB collisions|Asset loading system for textures and meshes|Basic scene editor with ImGui",https://github.com/JuanmaSalva,,true,2023,In progress,
f1-data,05,🏎️,F1 Data,Motorsport Software,"Visualisation and analysis tool for Formula 1 data.","F1 Data is an analysis and visualisation tool focused on Formula 1. It lets you explore and compare lap time data, pitstop strategies, telemetry, and team performance across a season.||The project combines public data scraping with interactive visualisations to surface insights about driver and team performance.","Python|FastF1|Matplotlib|Manim|Data Pipelines","Data Viz|Python:pink|F1","Extraction and cleaning of historical season data|Comparative race pace visualisations|Pitstop strategy analysis tool|Interactive results dashboard",https://github.com/JuanmaSalva,,true,2023,Completed,
f1-telemetry,06,📡,F1 Telemetry,Motorsport Software,"System and library for processing real-time F1 telemetry data.","F1 Telemetry is a C++ library and data processing system for Formula 1 real-time telemetry. It receives and parses data emitted via UDP by the Codemasters F1 game, feeding a Unity visual layer with hundreds of samples per second — zero frame drops.||The focus was on system architecture, efficient data stream processing, and exposing a clean API to consume the information.","C++|Unity|C#|UDP Networking|Custom Graphs","Library:purple|Real-time|F1","Custom C++ UDP packet parser for the Codemasters protocol|High-performance custom graph system for real-time data|Zero frame-drop architecture with data buffering|Public library API with documentation",https://github.com/JuanmaSalva/F12020TelemetryLibrary,,true,2020,Completed,
espacial,07,🚀,Convivencia Espacial,Game Development,"Space simulation exploring interaction dynamics in orbital environments.","Convivencia Espacial is a simulation that explores interaction dynamics in space environments. The project investigates how to design coexistence and collaboration systems between agents under microgravity conditions and limited resources.||It was developed as an experimental project, combining simulation with systems design elements.","Unity|C#|Physics","Simulation|Space:pink","Microgravity physics simulation|Cooperative agent behaviour system|Orbital scenario design|Space-adapted UI",,, false,2022,Completed,
mobile,08,📱,Mobile,Game Development,"Mobile platform development project.","Add your mobile project description here: what it is about, target platform (iOS, Android), genre or app type, and any relevant technical details.||Remember you can separate paragraphs with a double vertical bar.","Unity|C#|Android","Mobile|Game:pink","Add your specific contributions here|Core mechanic implemented|Mobile device optimisation",,, false,2023,Completed,
game-jams,09,🎮,Game Jams,Game Development,"Collection of prototypes built during game jams under time constraints.","Participation in multiple game jams over the years, creating playable prototypes in 48–72 hours under assigned themes. Each jam is a different challenge: design, code, art, and audio all in record time.||These experiences have been fundamental in learning to work under pressure, iterate fast, and focus on what makes a game mechanic feel right.","Unity|C#|Godot|Varied","Collection|Jam:pink|Prototypes:purple","Rapid prototyping of game mechanics|Complete experiences designed in 48 hours|Working under thematic and time constraints|Accelerated iteration and playtesting",,, false,2021,Ongoing,
